{
  "project_info": {
    "project_number": "202157376835",
    "project_id": "iotmobilesenordata",
    "storage_bucket": "iotmobilesenordata.appspot.com"
  },
  "client": [
    {
      "client_info": {
        "mobilesdk_app_id": "1:202157376835:android:306c3ac709a271a4e6dbf6",
        "android_client_info": {
          "package_name": "com.example.iot8223"
        }
      },
      "oauth_client": [
        {
          "client_id": "202157376835-gl99mhnk3amrn42pt7tl6t47fs00j2mp.apps.googleusercontent.com",
          "client_type": 3
        }
      ],
      "api_key": [
        {
          "current_key": "AIzaSyBRcoHTVXq6bqQomRW8PEs5ibIJDJmHlVM"
        }
      ],
      "services": {
        "appinvite_service": {
          "other_platform_oauth_client": [
            {
              "client_id": "202157376835-gl99mhnk3amrn42pt7tl6t47fs00j2mp.apps.googleusercontent.com",
              "client_type": 3
            }
          ]
        }
      }
    }
  ],
  "configuration_version": "1"
}